{"coeffs": [0.0, 0.0, 0.0, 0.0, 0.0], "fx": 617.1392822265625, "fy": 617.7700805664062, "height": 480, "ppx": 318.1820983886719, "ppy": 252.9375762939453, "width": 640}