{"coeffs": [0.0, 0.0, 0.0, 0.0, 0.0], "fx": 428.98602294921875, "fy": 428.98602294921875, "height": 480, "ppx": 419.1640930175781, "ppy": 246.79331970214844, "width": 848}